1,Oliver Atom,https://www.compra-venta.es/sh-img/Tsubasa%252BOliver%252Be%252Bbenji_oliver%2Bbenji.jpg,5,NULL,NULL
2,Oliver Atom,https://www.compra-venta.es/sh-img/Tsubasa%252BOliver%252Be%252Bbenji_oliver%2Bbenji.jpg,5,NULL,NULL
3,Oliver Atom,https://www.compra-venta.es/sh-img/Tsubasa%252BOliver%252Be%252Bbenji_oliver%2Bbenji.jpg,5,NULL,NULL
4,Oliver Atom,https://www.compra-venta.es/sh-img/Tsubasa%252BOliver%252Be%252Bbenji_oliver%2Bbenji.jpg,5,NULL,NULL
5,Oliver Atom,https://www.compra-venta.es/sh-img/Tsubasa%252BOliver%252Be%252Bbenji_oliver%2Bbenji.jpg,5,NULL,NULL
6,Benji Price,https://media.revistagq.com/photos/5e7212ac9da1570008d603e5/master/w_1600%2Cc_limit/benji-price-campeones-serie.jpg,5,NULL,NULL
7,Benji Price,https://media.revistagq.com/photos/5e7212ac9da1570008d603e5/master/w_1600%2Cc_limit/benji-price-campeones-serie.jpg,5,NULL,NULL
8,Benji Price,https://media.revistagq.com/photos/5e7212ac9da1570008d603e5/master/w_1600%2Cc_limit/benji-price-campeones-serie.jpg,5,NULL,NULL
9,Benji Price,https://media.revistagq.com/photos/5e7212ac9da1570008d603e5/master/w_1600%2Cc_limit/benji-price-campeones-serie.jpg,5,NULL,NULL
10,Benji Price,https://media.revistagq.com/photos/5e7212ac9da1570008d603e5/master/w_1600%2Cc_limit/benji-price-campeones-serie.jpg,5,NULL,NULL
11,Julian Ross,https://pbs.twimg.com/profile_images/689931008234409984/9qPqm2pj_400x400.jpg,4,NULL,NULL
12,Julian Ross,https://pbs.twimg.com/profile_images/689931008234409984/9qPqm2pj_400x400.jpg,4,NULL,NULL
13,Julian Ross,https://pbs.twimg.com/profile_images/689931008234409984/9qPqm2pj_400x400.jpg,4,NULL,NULL
14,Julian Ross,https://pbs.twimg.com/profile_images/689931008234409984/9qPqm2pj_400x400.jpg,4,NULL,NULL
15,Julian Ross,https://pbs.twimg.com/profile_images/689931008234409984/9qPqm2pj_400x400.jpg,4,NULL,NULL
16,Ed Warner,https://www.cosplayoriginal.com/media/shirts/ed-warner.jpg.405x202_q85_crop.jpg,4,NULL,NULL
17,Ed Warner,https://www.cosplayoriginal.com/media/shirts/ed-warner.jpg.405x202_q85_crop.jpg,4,NULL,NULL
18,Ed Warner,https://www.cosplayoriginal.com/media/shirts/ed-warner.jpg.405x202_q85_crop.jpg,4,NULL,NULL
19,Ed Warner,https://www.cosplayoriginal.com/media/shirts/ed-warner.jpg.405x202_q85_crop.jpg,4,NULL,NULL
20,Ed Warner,https://www.cosplayoriginal.com/media/shirts/ed-warner.jpg.405x202_q85_crop.jpg,4,NULL,NULL
21,Roberto Sedinho,https://enpared.files.wordpress.com/2013/12/1192834340_f.jpg,2,NULL,NULL
22,Roberto Sedinho,https://enpared.files.wordpress.com/2013/12/1192834340_f.jpg,2,NULL,NULL
23,Roberto Sedinho,https://enpared.files.wordpress.com/2013/12/1192834340_f.jpg,2,NULL,NULL
24,Roberto Sedinho,https://enpared.files.wordpress.com/2013/12/1192834340_f.jpg,2,NULL,NULL
25,Roberto Sedinho,https://enpared.files.wordpress.com/2013/12/1192834340_f.jpg,2,NULL,NULL
26,Scheneider,https://i.pinimg.com/originals/a8/6d/b3/a86db3ce2838caa464f267f8f2b6a97d.png,3,NULL,NULL
27,Scheneider,https://i.pinimg.com/originals/a8/6d/b3/a86db3ce2838caa464f267f8f2b6a97d.png,3,NULL,NULL
28,Scheneider,https://i.pinimg.com/originals/a8/6d/b3/a86db3ce2838caa464f267f8f2b6a97d.png,3,NULL,NULL
29,Scheneider,https://i.pinimg.com/originals/a8/6d/b3/a86db3ce2838caa464f267f8f2b6a97d.png,3,NULL,NULL
30,Scheneider,https://i.pinimg.com/originals/a8/6d/b3/a86db3ce2838caa464f267f8f2b6a97d.png,3,NULL,NULL
31,Alan Crockett,https://3.bp.blogspot.com/-lcuMnuxxuKE/WxgLPtQxDjI/AAAAAAAABFc/w5mqd7oPM3opcg_jZSLyKGlzj_kOk-mlgCLcBGAs/s1600/Alan.jpg,3,NULL,NULL
32,Alan Crockett,https://3.bp.blogspot.com/-lcuMnuxxuKE/WxgLPtQxDjI/AAAAAAAABFc/w5mqd7oPM3opcg_jZSLyKGlzj_kOk-mlgCLcBGAs/s1600/Alan.jpg,3,NULL,NULL
33,Alan Crockett,https://3.bp.blogspot.com/-lcuMnuxxuKE/WxgLPtQxDjI/AAAAAAAABFc/w5mqd7oPM3opcg_jZSLyKGlzj_kOk-mlgCLcBGAs/s1600/Alan.jpg,3,NULL,NULL
34,Alan Crockett,https://3.bp.blogspot.com/-lcuMnuxxuKE/WxgLPtQxDjI/AAAAAAAABFc/w5mqd7oPM3opcg_jZSLyKGlzj_kOk-mlgCLcBGAs/s1600/Alan.jpg,3,NULL,NULL
35,Alan Crockett,https://3.bp.blogspot.com/-lcuMnuxxuKE/WxgLPtQxDjI/AAAAAAAABFc/w5mqd7oPM3opcg_jZSLyKGlzj_kOk-mlgCLcBGAs/s1600/Alan.jpg,3,NULL,NULL
36,Clifford Yuma,https://www.cosplayoriginal.com/media/shirts/clifford-yuma.jpg.405x202_q85_crop.jpg,3,NULL,NULL
37,Clifford Yuma,https://www.cosplayoriginal.com/media/shirts/clifford-yuma.jpg.405x202_q85_crop.jpg,3,NULL,NULL
38,Clifford Yuma,https://www.cosplayoriginal.com/media/shirts/clifford-yuma.jpg.405x202_q85_crop.jpg,3,NULL,NULL
39,Clifford Yuma,https://www.cosplayoriginal.com/media/shirts/clifford-yuma.jpg.405x202_q85_crop.jpg,3,NULL,NULL
40,Clifford Yuma,https://www.cosplayoriginal.com/media/shirts/clifford-yuma.jpg.405x202_q85_crop.jpg,3,NULL,NULL
41,Bruce Harper,https://pbs.twimg.com/media/DZs5fIsW4AEfSVg.jpg,2,NULL,NULL
42,Bruce Harper,https://pbs.twimg.com/media/DZs5fIsW4AEfSVg.jpg,2,NULL,NULL
43,Bruce Harper,https://pbs.twimg.com/media/DZs5fIsW4AEfSVg.jpg,2,NULL,NULL
44,Bruce Harper,https://pbs.twimg.com/media/DZs5fIsW4AEfSVg.jpg,2,NULL,NULL
45,Bruce Harper,https://pbs.twimg.com/media/DZs5fIsW4AEfSVg.jpg,2,NULL,NULL
46,Mark Lenders,https://www.cosplayoriginal.com/media/shirts/mark-lenders-muppet.jpg.405x202_q85_crop.jpg,5,NULL,NULL
47,Mark Lenders,https://www.cosplayoriginal.com/media/shirts/mark-lenders-muppet.jpg.405x202_q85_crop.jpg,5,NULL,NULL
48,Mark Lenders,https://www.cosplayoriginal.com/media/shirts/mark-lenders-muppet.jpg.405x202_q85_crop.jpg,5,NULL,NULL
49,Mark Lenders,https://www.cosplayoriginal.com/media/shirts/mark-lenders-muppet.jpg.405x202_q85_crop.jpg,5,NULL,NULL
50,Mark Lenders,https://www.cosplayoriginal.com/media/shirts/mark-lenders-muppet.jpg.405x202_q85_crop.jpg,5,NULL,NULL
