51,Harry Potter,http://www.sopitas.com/wp-content/uploads/2016/03/PromoHP7_Harry_Potter-e1458489951893.jpg,5,NULL,NULL
52,Harry Potter,http://www.sopitas.com/wp-content/uploads/2016/03/PromoHP7_Harry_Potter-e1458489951893.jpg,5,NULL,NULL
53,Harry Potter,http://www.sopitas.com/wp-content/uploads/2016/03/PromoHP7_Harry_Potter-e1458489951893.jpg,5,NULL,NULL
54,Harry Potter,http://www.sopitas.com/wp-content/uploads/2016/03/PromoHP7_Harry_Potter-e1458489951893.jpg,5,NULL,NULL
55,Harry Potter,http://www.sopitas.com/wp-content/uploads/2016/03/PromoHP7_Harry_Potter-e1458489951893.jpg,5,NULL,NULL
56,Albus Dumbledore,https://static.vix.com/es/sites/default/files/1/10_datos_malos_de_dumbledore_de_harry_potter.jpg,4,NULL,NULL
57,Albus Dumbledore,https://static.vix.com/es/sites/default/files/1/10_datos_malos_de_dumbledore_de_harry_potter.jpg,4,NULL,NULL
58,Albus Dumbledore,https://static.vix.com/es/sites/default/files/1/10_datos_malos_de_dumbledore_de_harry_potter.jpg,4,NULL,NULL
59,Albus Dumbledore,https://static.vix.com/es/sites/default/files/1/10_datos_malos_de_dumbledore_de_harry_potter.jpg,4,NULL,NULL
60,Albus Dumbledore,https://static.vix.com/es/sites/default/files/1/10_datos_malos_de_dumbledore_de_harry_potter.jpg,4,NULL,NULL
61,Hermione Granger,https://sites.google.com/site/harrypotterzhao/_/rsrc/1417473833602/protagonistas/hermione-granger/20140502133849_Cinue_thumb_600_0.jpg,4,NULL,NULL
62,Hermione Granger,https://sites.google.com/site/harrypotterzhao/_/rsrc/1417473833602/protagonistas/hermione-granger/20140502133849_Cinue_thumb_600_0.jpg,4,NULL,NULL
63,Hermione Granger,https://sites.google.com/site/harrypotterzhao/_/rsrc/1417473833602/protagonistas/hermione-granger/20140502133849_Cinue_thumb_600_0.jpg,4,NULL,NULL
64,Hermione Granger,https://sites.google.com/site/harrypotterzhao/_/rsrc/1417473833602/protagonistas/hermione-granger/20140502133849_Cinue_thumb_600_0.jpg,4,NULL,NULL
65,Hermione Granger,https://sites.google.com/site/harrypotterzhao/_/rsrc/1417473833602/protagonistas/hermione-granger/20140502133849_Cinue_thumb_600_0.jpg,4,NULL,NULL
66,Ron Wesley,http://3.bp.blogspot.com/-EtcSnwjlYyk/Uc9FjWKVwiI/AAAAAAAAA0o/ut5uz7WX0RM/s686/ass.jpg,3,NULL,NULL
67,Ron Wesley,http://3.bp.blogspot.com/-EtcSnwjlYyk/Uc9FjWKVwiI/AAAAAAAAA0o/ut5uz7WX0RM/s686/ass.jpg,3,NULL,NULL
68,Ron Wesley,http://3.bp.blogspot.com/-EtcSnwjlYyk/Uc9FjWKVwiI/AAAAAAAAA0o/ut5uz7WX0RM/s686/ass.jpg,3,NULL,NULL
69,Ron Wesley,http://3.bp.blogspot.com/-EtcSnwjlYyk/Uc9FjWKVwiI/AAAAAAAAA0o/ut5uz7WX0RM/s686/ass.jpg,3,NULL,NULL
70,Ron Wesley,http://3.bp.blogspot.com/-EtcSnwjlYyk/Uc9FjWKVwiI/AAAAAAAAA0o/ut5uz7WX0RM/s686/ass.jpg,3,NULL,NULL
71,Severus Snape,"https://res.cloudinary.com/postedin/image/upload/d_secundarios:no-image.jpg,f_auto,q_80/secundarios/c-9686a00216.png",3,NULL,NULL
72,Severus Snape,"https://res.cloudinary.com/postedin/image/upload/d_secundarios:no-image.jpg,f_auto,q_80/secundarios/c-9686a00216.png",3,NULL,NULL
73,Severus Snape,"https://res.cloudinary.com/postedin/image/upload/d_secundarios:no-image.jpg,f_auto,q_80/secundarios/c-9686a00216.png",3,NULL,NULL
74,Severus Snape,"https://res.cloudinary.com/postedin/image/upload/d_secundarios:no-image.jpg,f_auto,q_80/secundarios/c-9686a00216.png",3,NULL,NULL
75,Severus Snape,"https://res.cloudinary.com/postedin/image/upload/d_secundarios:no-image.jpg,f_auto,q_80/secundarios/c-9686a00216.png",3,NULL,NULL
76,Draco Malfoy,https://i.pinimg.com/736x/1e/1e/0e/1e1e0e29ba6dfb474995f7a18839fbdb.jpg,2,NULL,NULL
77,Draco Malfoy,https://i.pinimg.com/736x/1e/1e/0e/1e1e0e29ba6dfb474995f7a18839fbdb.jpg,2,NULL,NULL
78,Draco Malfoy,https://i.pinimg.com/736x/1e/1e/0e/1e1e0e29ba6dfb474995f7a18839fbdb.jpg,2,NULL,NULL
79,Draco Malfoy,https://i.pinimg.com/736x/1e/1e/0e/1e1e0e29ba6dfb474995f7a18839fbdb.jpg,2,NULL,NULL
80,Draco Malfoy,https://i.pinimg.com/736x/1e/1e/0e/1e1e0e29ba6dfb474995f7a18839fbdb.jpg,2,NULL,NULL
81,Lord Voldemort,https://elcomercio.pe/resizer/Y2X_dZaDBp3A117HO50ZIRyxTTI=/1200x900/smart/filters:format(jpeg):quality(75)/cloudfront-us-east-1.images.arcpublishing.com/elcomercio/A6IE3S2J2VFC7NKB6ZM34OXWVM.jpg,5,NULL,NULL
82,Lord Voldemort,https://elcomercio.pe/resizer/Y2X_dZaDBp3A117HO50ZIRyxTTI=/1200x900/smart/filters:format(jpeg):quality(75)/cloudfront-us-east-1.images.arcpublishing.com/elcomercio/A6IE3S2J2VFC7NKB6ZM34OXWVM.jpg,5,NULL,NULL
83,Lord Voldemort,https://elcomercio.pe/resizer/Y2X_dZaDBp3A117HO50ZIRyxTTI=/1200x900/smart/filters:format(jpeg):quality(75)/cloudfront-us-east-1.images.arcpublishing.com/elcomercio/A6IE3S2J2VFC7NKB6ZM34OXWVM.jpg,5,NULL,NULL
84,Lord Voldemort,https://elcomercio.pe/resizer/Y2X_dZaDBp3A117HO50ZIRyxTTI=/1200x900/smart/filters:format(jpeg):quality(75)/cloudfront-us-east-1.images.arcpublishing.com/elcomercio/A6IE3S2J2VFC7NKB6ZM34OXWVM.jpg,5,NULL,NULL
85,Lord Voldemort,https://elcomercio.pe/resizer/Y2X_dZaDBp3A117HO50ZIRyxTTI=/1200x900/smart/filters:format(jpeg):quality(75)/cloudfront-us-east-1.images.arcpublishing.com/elcomercio/A6IE3S2J2VFC7NKB6ZM34OXWVM.jpg,5,NULL,NULL
86,Hagrid,https://img.vixdata.io/pd/jpg-large/es/sites/default/files/r/rubeus_hagrid_harry_potter.jpg,3,NULL,NULL
87,Hagrid,https://img.vixdata.io/pd/jpg-large/es/sites/default/files/r/rubeus_hagrid_harry_potter.jpg,3,NULL,NULL
88,Hagrid,https://img.vixdata.io/pd/jpg-large/es/sites/default/files/r/rubeus_hagrid_harry_potter.jpg,3,NULL,NULL
89,Hagrid,https://img.vixdata.io/pd/jpg-large/es/sites/default/files/r/rubeus_hagrid_harry_potter.jpg,3,NULL,NULL
90,Hagrid,https://img.vixdata.io/pd/jpg-large/es/sites/default/files/r/rubeus_hagrid_harry_potter.jpg,3,NULL,NULL
91,Bellatrix Lestrange,http://pm1.narvii.com/6210/c997a43ce1af464a6e8000b8387e29c73bc78bad_00.jpg,2,NULL,NULL
92,Bellatrix Lestrange,http://pm1.narvii.com/6210/c997a43ce1af464a6e8000b8387e29c73bc78bad_00.jpg,2,NULL,NULL
93,Bellatrix Lestrange,http://pm1.narvii.com/6210/c997a43ce1af464a6e8000b8387e29c73bc78bad_00.jpg,2,NULL,NULL
94,Bellatrix Lestrange,http://pm1.narvii.com/6210/c997a43ce1af464a6e8000b8387e29c73bc78bad_00.jpg,2,NULL,NULL
95,Bellatrix Lestrange,http://pm1.narvii.com/6210/c997a43ce1af464a6e8000b8387e29c73bc78bad_00.jpg,2,NULL,NULL
96,Sirius Black,https://pm1.narvii.com/6843/da6dcdbd14c21e1f1bfec7bc3bc7cf458ff1a289v2_hq.jpg,5,NULL,NULL
97,Sirius Black,https://pm1.narvii.com/6843/da6dcdbd14c21e1f1bfec7bc3bc7cf458ff1a289v2_hq.jpg,5,NULL,NULL
98,Sirius Black,https://pm1.narvii.com/6843/da6dcdbd14c21e1f1bfec7bc3bc7cf458ff1a289v2_hq.jpg,5,NULL,NULL
99,Sirius Black,https://pm1.narvii.com/6843/da6dcdbd14c21e1f1bfec7bc3bc7cf458ff1a289v2_hq.jpg,5,NULL,NULL
100,Sirius Black,https://pm1.narvii.com/6843/da6dcdbd14c21e1f1bfec7bc3bc7cf458ff1a289v2_hq.jpg,5,NULL,NULL
